Name,Email,Telefonnummer,Adresse,Beruf,Alter,Risiko,Kommunikationsfähigkeit,Empathie,Teamfähigkeit,Konfliktlösung,Empathische Kommunikation,Kundenorientierung,Networking,Flexibilität,Selbstmotivation,Belastbarkeit,Emotional Intelligence,Analytisches Denken,Entscheidungsfreude,Zielorientierung,Offenheit für Feedback,Selbstreflexion,Teamführung,Verhandlungsgeschick,Konfliktmanagement,Durchsetzungsvermögen,Kreativität,Zeitmanagement,Organisationsfähigkeit,Lernbereitschaft,Java,Python,C++,JavaScript,Ruby,PHP,Swift,Kotlin,C#,Go (Golang),HTML5,CSS3,React.js,Angular,Vue.js,Bootstrap,jQuery,SQL (Structured Query Language),MySQL,PostgreSQL,MongoDB,Oracle,Microsoft SQL Server,Datenbankdesign,Amazon Web Services (AWS),Microsoft Azure,Google Cloud Platform (GCP),Docker,Kubernetes,Continuous Integration / Continuous Deployment (CI/CD),Node.js,Express.js,Spring Framework (Java),Django (Python),Ruby on Rails,Laravel (PHP),Netzwerksicherheit,Ethical Hacking,Penetration Testing,Informationssicherheitsmanagement,Incident Response,Android App Entwicklung (Java/Kotlin),iOS App Entwicklung (Swift),"Cross-Platform-Entwicklung (z. B. React Native, Flutter)",Data Science,Maschinelles Lernen (Machine Learning),Künstliche Intelligenz (AI),Deep Learning,Data Mining,Linux-Administration,Windows Server-Administration,Netzwerkadministration,Testautomatisierung,Testmanagement,Last- und Performance-Testing
Annedore Kuhl,evamaria83@example.org,0768016593,"Elfie-Holt-Platz 6/7
74806 Stollberg",Bäcker,2005-03-31,False,False,False,False,False,False,False,False,False,False,False,False,False,False,False,False,False,False,False,False,False,False,False,False,False,False,False,False,False,True,True,False,False,False,False,False,False,False,False,False,False,False,False,False,False,False,False,False,False,False,False,False,False,False,False,False,False,False,False,False,False,False,False,False,False,False,False,False,False,False,False,False,False,False,False,False,False,False,False,False
Univ.Prof. Telse Ortmann,guelsentroest@example.com,(06770) 839743,"Geiselstraße 7
25270 Burglengenfeld",Elektroniker,1940-04-05,False,False,False,False,True,False,False,False,False,False,False,False,False,False,False,False,False,False,False,False,False,False,False,False,False,False,False,False,True,False,False,False,False,False,False,False,False,False,False,False,False,False,False,False,False,False,False,False,False,False,False,False,False,False,False,False,False,False,False,False,False,False,False,False,False,False,False,False,False,False,False,False,False,False,False,True,False,False,False,False
Hedy Schinke,swesack@example.net,+49(0)0411 95438,"Hoffmannring 68
03776 Wunsiedel",Altenpfleger,2013-11-05,False,False,False,False,False,False,False,False,False,False,False,False,False,False,False,False,True,False,False,False,False,False,True,False,False,False,False,False,False,False,False,False,True,False,False,False,False,False,False,False,False,False,False,False,False,False,True,False,False,False,False,False,False,False,False,False,False,False,False,False,False,False,False,False,False,False,False,False,False,False,False,False,False,False,False,False,False,False,False,False
Abdullah Walter MBA.,reinhild21@example.net,05075 799878,"Friedo-Adler-Gasse 0/2
42454 Eilenburg",Fleischer,1989-06-20,False,False,False,False,False,False,False,False,False,False,False,False,False,False,False,False,False,False,False,False,False,False,False,False,False,False,False,False,False,False,False,False,False,False,False,False,False,False,False,False,False,False,False,False,False,False,False,False,False,False,False,False,False,False,True,False,False,False,False,False,False,False,False,False,False,False,False,False,False,False,False,False,False,False,False,False,False,False,False,False
Ing. Zlatko Dowerg,muharrem33@example.net,(02840) 750382,"Renato-Krein-Platz 9
54225 Siegen",Binnenschiffer,1927-06-06,False,False,False,False,False,False,False,False,False,False,False,False,False,False,False,False,False,False,False,False,False,False,False,False,False,False,False,False,False,False,False,False,False,False,False,False,False,False,False,False,False,False,False,False,False,False,False,False,False,False,False,False,False,True,False,False,False,True,False,False,False,False,False,False,False,False,False,False,False,False,False,False,False,False,False,False,False,False,False,False
Dr. Klaus-Peter Ebert B.A.,jgunpf@example.net,+49 (0) 6909 047864,"Othmar-Koch II-Platz 17
68452 Wernigerode",Fleischer,1931-10-15,False,False,False,False,False,False,False,False,False,False,False,False,False,False,False,False,False,False,False,False,False,False,False,False,False,False,False,False,False,False,False,False,False,False,False,False,False,False,False,False,False,False,False,False,False,False,False,False,False,False,False,False,False,False,False,False,False,False,False,False,False,False,False,False,False,False,False,False,False,False,False,False,False,False,False,False,False,False,False,False
Miroslaw Stoll,anjadippel@example.com,0858261187,"Herrmanngasse 6/4
43200 Jülich",Altenpfleger,1968-12-09,False,False,False,False,False,False,False,False,False,False,False,False,False,False,False,False,True,False,False,False,False,False,False,False,False,False,False,False,False,False,False,False,False,False,False,False,False,False,False,False,False,False,False,False,False,False,False,False,False,False,False,False,False,False,False,False,False,False,False,False,False,False,False,False,False,False,False,False,False,False,False,False,False,False,False,False,False,False,False,False
Gülten Hornich-Förster,junckeneckehard@example.net,+49(0)5509463762,"Kästerstraße 265
66407 Hildburghausen",Informatiker,1910-08-23,False,False,False,False,False,False,False,False,False,False,False,False,False,False,False,False,False,False,False,False,False,False,False,False,False,False,False,False,False,False,False,False,False,False,False,False,False,False,False,False,False,False,False,False,False,False,False,False,False,False,False,False,False,False,False,False,False,False,False,False,False,False,False,False,False,False,False,False,False,False,False,False,False,False,False,False,False,False,True,False
Dr. Annegret Losekann B.A.,qeimer@example.com,+49(0)2896445962,"Kuschstraße 292
13281 Kassel",Altenpfleger,1961-01-24,False,False,False,False,True,False,False,False,False,False,False,False,False,False,False,False,False,False,False,False,False,False,False,False,False,False,False,False,False,False,False,False,False,False,False,False,False,False,False,False,False,False,False,False,False,False,False,False,False,False,False,False,False,False,False,False,False,False,False,False,False,False,False,False,False,False,False,False,False,False,False,False,False,False,False,False,False,False,False,False
Ingrid Reising-Zorbach,killerhelmut@example.org,0157379434,"Hans-Rudolf-Pohl-Weg 7/6
25478 Stadtsteinach",Friseur,1914-08-06,False,False,False,False,False,False,True,False,False,False,False,True,False,False,False,False,False,False,False,False,False,False,False,False,False,False,False,False,False,False,False,False,False,False,False,False,False,False,False,False,False,False,False,False,False,False,False,False,False,False,False,False,False,False,False,False,False,False,False,False,False,False,False,False,False,False,False,False,False,False,False,False,False,False,False,True,False,False,False,False
Roselinde Pölitz,nscheibe@example.net,00465 35773,"Traugott-Eckbauer-Allee 46
61679 Nauen",Bäcker,2006-09-07,False,False,False,False,False,False,False,False,False,False,False,False,False,False,False,False,True,False,False,False,False,False,False,False,False,False,False,False,False,False,False,False,False,False,False,False,False,False,False,False,False,False,False,False,False,False,False,False,False,False,False,False,False,False,False,False,False,False,False,False,False,False,False,False,False,False,False,False,False,True,False,False,False,False,False,False,False,False,False,False
Kaspar Jungfer-Winkler,loni36@example.com,+49(0)1210 886219,"Fernando-Kühnert-Platz 6/9
95899 Neuss",Arzt,1931-02-24,False,False,False,False,False,False,True,False,False,False,False,False,False,False,False,False,False,False,False,False,False,False,False,False,False,False,True,False,False,False,False,False,False,False,False,False,False,False,False,False,False,False,False,False,False,False,False,False,False,False,False,False,False,False,False,False,False,False,False,False,False,False,False,False,False,False,False,False,False,False,False,False,False,False,False,False,False,False,False,False
Dipl.-Ing. Aleksandar Weinhold,junckklaas@example.net,+49(0) 513394171,"Grein Grothallee 839
25882 Melle",Asphaltbauer,1914-11-13,False,False,False,False,False,False,False,False,False,False,False,False,False,False,False,False,False,False,False,False,False,False,False,False,False,False,False,False,False,False,False,False,False,True,False,False,False,False,False,False,False,False,False,False,True,False,False,False,False,False,False,False,False,False,False,False,False,False,False,False,False,False,False,False,False,False,False,False,False,False,False,False,False,False,False,False,False,False,False,False
Dorothee Zahn,putztibor@example.org,(00652) 957473,"Yvette-Meyer-Weg 9
50795 Iserlohn",Fleischer,1961-09-06,False,False,False,False,False,False,False,False,False,False,False,False,False,False,False,False,False,False,False,True,False,False,False,False,False,False,False,False,False,False,False,False,False,False,False,False,False,False,False,False,False,False,False,False,False,False,False,False,False,False,True,False,False,False,False,False,False,False,False,False,False,False,False,False,False,False,False,False,False,False,False,False,False,False,False,False,False,False,False,False
Mariele Eigenwillig,kuehnertamanda@example.com,+49(0)2152098696,"Alfred-Mies-Gasse 887
43058 Lübeck",Altenpfleger,2018-02-12,False,False,False,False,False,False,False,False,False,False,False,False,False,False,False,False,False,False,False,False,False,False,False,False,False,False,False,False,False,False,False,False,False,False,False,False,False,False,False,False,False,False,False,True,False,False,False,False,False,False,False,False,False,False,False,False,False,False,False,False,False,False,False,False,False,False,False,False,False,False,False,False,False,False,False,False,False,False,False,False
Hans-Dieter Henschel-Gutknecht,resi77@example.net,0219831217,"Conrad-Dowerg-Gasse 733
58055 Rosenheim",Erzieher,1934-10-20,False,False,False,False,False,False,False,False,False,False,False,False,False,False,False,False,False,False,False,False,False,False,False,False,False,False,False,False,False,False,False,False,False,False,False,False,False,False,False,False,False,True,False,False,False,False,False,False,False,True,False,False,False,False,False,False,False,False,False,False,False,False,False,False,False,False,False,False,False,False,False,False,False,False,False,False,False,False,False,False
Dr. Andrei Davids,kuschanneliese@example.net,+49 (0) 5076 044313,"Pedro-Finke-Gasse 644
23241 Kötzting",Krankenschwester,2015-08-26,False,True,False,False,False,False,False,False,False,True,False,False,False,False,False,False,False,False,False,False,False,False,False,False,False,False,False,False,False,False,False,False,False,False,False,False,False,False,False,False,False,False,False,False,False,False,False,False,False,True,False,False,False,False,False,False,False,False,True,False,False,False,False,True,False,False,False,False,False,False,False,False,False,False,False,False,False,False,False,False
Prof. Adelheid Albers B.Sc.,natalie37@example.org,0805161415,"Misicherplatz 007
44467 Forchheim",Bankkaufmann,1916-05-11,False,False,False,False,False,False,False,False,False,False,False,False,False,False,False,False,False,False,False,False,False,False,False,False,False,False,False,False,False,False,True,False,False,False,False,False,False,False,False,False,False,False,False,False,False,False,False,False,False,False,False,False,False,False,False,False,False,False,False,False,False,False,False,False,False,False,False,False,False,False,False,False,False,False,False,False,False,False,False,False
Jakob Scholz,walentina79@example.com,+49(0) 763369424,"Weißstraße 895
03616 Crailsheim",Ausbaufacharbeiter,1963-11-02,False,False,False,False,False,False,False,False,False,False,False,False,False,False,False,False,False,False,False,False,False,False,False,False,False,False,False,False,False,False,False,False,False,False,False,False,False,False,False,False,False,False,False,False,False,False,False,False,False,False,False,False,False,False,False,False,False,False,False,False,False,False,False,False,False,False,False,False,False,False,False,False,False,False,False,False,False,False,True,False
Dr. Betina Knappe,schmidtkejan@example.com,(03086) 771447,"Horst-Dieter-Kraushaar-Straße 56
63317 Cuxhaven",Mathematiker,1992-08-16,False,False,False,False,False,False,False,False,False,False,False,False,False,False,False,False,False,False,False,False,True,False,False,False,False,False,False,False,False,False,False,False,False,False,False,True,False,False,False,False,False,False,False,False,False,False,False,False,False,False,False,False,False,False,False,False,False,False,False,False,False,False,False,False,False,False,False,False,False,False,False,False,False,False,False,False,False,False,False,False
Gordon Weinhold-Bolnbach,ugraf@example.com,04455 87037,"Josef-Löffler-Allee 077
87531 Kusel",Koreanistiker,1931-10-04,False,False,False,False,False,False,False,False,False,False,False,False,False,False,False,False,False,False,False,False,False,False,False,False,False,False,False,False,False,False,False,False,False,False,False,False,False,False,False,False,False,False,False,True,False,False,False,False,False,False,False,False,False,False,False,False,False,False,False,False,False,False,False,False,False,False,False,False,False,False,True,False,False,False,False,False,False,False,False,False
Elmar Dehmel,joergfliegner@example.net,+49(0) 762960654,"Hermann Josef-Schüler-Gasse 3/4
24846 Olpe",Designer,1926-08-19,True,False,False,False,False,False,False,False,False,False,False,False,False,False,False,False,False,False,False,False,False,False,False,False,False,False,False,False,False,False,False,False,False,False,False,False,False,False,False,False,False,False,False,False,False,False,False,False,False,False,False,False,False,False,False,False,False,False,False,False,False,False,False,False,True,False,False,False,False,False,False,False,False,False,False,False,False,False,False,False
Stavros Junck,bstadelmann@example.com,02724 27931,"Weimerstr. 380
16118 Bayreuth",Forstwirt,1930-07-20,False,False,True,False,False,False,False,False,False,False,False,False,False,True,False,False,False,False,False,False,False,False,False,False,False,False,False,False,False,False,False,False,False,False,False,False,False,False,False,False,False,False,False,False,False,False,False,False,False,False,False,False,False,False,False,False,False,False,False,False,False,False,False,False,False,False,False,False,False,False,False,False,False,False,False,False,False,False,False,False
Barbara Ullrich,lissy59@example.net,0195845620,"Milena-Zahn-Ring 9/1
75036 Rehau",Altenpfleger,1980-07-25,False,False,False,False,False,False,False,False,False,False,True,False,False,False,False,False,False,False,False,False,False,False,False,False,False,False,False,False,False,False,False,False,False,False,False,False,False,False,False,False,False,False,False,False,False,False,False,False,False,False,False,False,False,False,False,False,False,False,False,False,False,False,False,False,False,False,False,False,False,False,False,False,False,False,False,False,False,False,False,False
Delia Gertz,bruderanne@example.com,+49 (0) 5786 700439,"Steinbergplatz 21
33400 Donaueschingen",Altenpfleger,1991-05-10,False,False,False,False,False,False,False,False,False,True,False,False,False,False,False,False,False,False,True,False,False,False,False,False,False,False,False,False,False,False,False,False,False,False,False,False,False,False,False,False,True,False,False,False,False,False,False,False,False,False,False,False,False,False,False,False,False,False,False,False,False,False,False,False,False,False,False,False,False,False,False,False,False,False,False,False,False,True,False,False
Frithjof Kramer B.Eng.,brita58@example.com,+49 (0) 9284 346303,"Antonius-Wähner-Ring 260
45628 Neunburg vorm Wald",Artist,1956-09-27,False,False,False,False,False,False,False,False,False,False,False,False,False,False,False,False,False,False,False,False,False,False,False,False,False,False,False,False,False,False,False,False,False,False,False,False,False,False,False,False,False,False,False,False,False,False,False,False,False,False,False,False,False,False,False,False,False,False,False,False,False,False,False,False,False,False,False,False,False,False,False,False,False,False,False,False,False,False,False,False
Richard Sager B.Eng.,janna00@example.net,0759184900,"Trubplatz 971
63712 Hersbruck",Elektroniker,1921-11-16,False,False,False,False,False,True,False,False,False,False,False,False,False,False,False,False,False,False,False,False,False,False,False,False,False,False,False,False,False,False,False,False,False,False,False,False,False,False,False,False,False,False,False,False,False,False,False,False,False,False,False,False,False,False,False,False,False,False,False,False,False,False,False,False,False,False,False,False,False,False,False,False,False,False,False,False,False,False,False,False
Univ.Prof. Hüseyin Heuser,erich94@example.net,+49(0)1008 703462,"Adolphring 92
58882 Ludwigsburg",Artist,1940-06-10,False,False,False,False,False,False,False,False,False,False,False,False,False,False,False,False,False,False,False,False,False,False,False,False,False,False,False,False,False,False,False,False,False,False,False,False,False,False,False,False,False,False,False,False,False,False,False,False,False,False,False,False,False,False,False,False,False,False,True,False,False,False,False,False,False,False,False,False,False,False,True,False,False,False,False,False,False,False,False,False
Hakan Meister,andersjanin@example.net,02505 788800,"Keudelring 873
60168 Mettmann",Bankkaufmann,1943-04-22,False,False,False,False,False,False,False,False,False,False,False,False,False,False,False,False,False,False,False,False,False,False,False,False,False,False,False,False,False,False,False,False,False,False,False,False,False,False,False,False,False,False,False,False,False,False,False,False,False,False,False,False,False,False,False,False,False,False,False,False,False,False,False,False,False,False,False,False,False,True,False,False,False,False,False,False,False,False,False,False
Ehrhard Textor,fstroh@example.com,0488591916,"Schuchhardtplatz 899
97459 Döbeln",Informatiker,1914-05-23,False,False,False,False,False,False,False,False,False,False,False,False,False,False,False,False,False,False,False,False,False,False,False,False,False,False,False,False,False,False,False,False,False,False,False,False,False,False,False,False,False,False,False,False,False,False,False,False,False,False,False,False,False,False,False,False,False,False,False,False,False,False,True,False,False,False,False,False,False,False,True,False,False,False,False,False,False,False,False,False
Katharina Warmer,mansottokar@example.com,(02668) 11256,"Bergerweg 214
24123 Sangerhausen",Erzieher,1923-02-18,False,False,False,False,False,False,False,False,False,False,False,False,False,False,False,False,False,False,False,False,False,False,False,False,False,False,False,False,False,False,False,False,False,False,False,False,False,False,False,False,False,False,False,False,False,False,False,False,False,False,False,False,False,False,False,False,False,False,False,False,False,False,False,False,False,False,False,False,False,False,False,False,False,False,False,False,False,False,False,False
Ivan Pölitz,sophieschlosser@example.com,+49(0)2811 00150,"Klara-Pergande-Gasse 3
18176 Germersheim",Pfleger,1970-03-14,False,False,False,False,False,False,False,False,False,False,False,False,False,False,False,False,False,False,False,True,False,False,False,False,False,False,False,False,False,False,False,False,False,False,False,False,False,False,False,False,False,False,False,False,False,False,False,False,False,False,False,False,False,False,False,False,False,False,False,False,False,False,False,False,False,False,False,False,False,False,False,False,False,False,False,False,False,False,False,False
Dr. Eugenia Salz MBA.,esther63@example.com,+49(0)3699 19178,"Bonbachstr. 38
16475 Hannover",Krankenschwester,2022-12-27,False,False,False,False,False,False,False,False,False,False,False,False,False,False,False,False,False,False,False,False,False,False,False,False,False,False,False,False,False,False,False,False,False,False,False,False,False,False,False,True,False,False,False,False,False,False,False,False,False,True,False,False,False,False,False,False,False,False,False,False,False,False,False,False,False,False,False,False,False,False,False,False,False,False,False,False,False,False,False,False
Delia Schleich,eweitzel@example.org,06077671256,"Roggestraße 28
16778 Lemgo",Chirurgiemechaniker,1912-03-18,False,False,False,False,False,False,False,False,False,False,False,False,False,False,False,False,False,False,False,False,False,False,False,False,False,False,False,False,False,False,False,False,False,False,False,False,False,False,False,False,False,False,False,False,False,False,False,False,False,False,False,False,False,False,False,False,False,False,False,False,False,False,False,False,False,False,False,False,False,False,False,False,False,False,False,False,False,False,False,False
Dr. Max Hellwig B.Eng.,gilda62@example.com,+49 (0) 8547 231478,"Bernd-Harloff-Straße 0/8
30747 Hettstedt",Forstwirt,1971-06-22,False,False,False,False,False,False,False,False,False,False,False,False,False,False,False,False,False,False,True,False,False,False,False,False,False,False,False,False,False,False,False,False,False,False,False,False,False,False,False,False,False,False,False,False,False,False,False,False,False,False,False,False,False,False,False,False,False,False,False,True,False,False,False,False,False,False,False,False,False,False,False,False,False,False,False,False,False,False,False,True
Siegried Beckmann-Stey,jelenahecker@example.com,(02028) 54998,"Budigplatz 9/0
39637 Saarlouis",Winzer,1913-12-10,True,False,False,False,False,False,False,False,False,False,False,False,False,False,False,False,False,False,False,False,False,False,False,False,False,False,False,False,False,False,False,False,False,False,False,False,False,False,False,False,False,False,False,False,False,True,False,False,False,False,False,False,False,False,False,False,False,False,False,False,False,False,False,False,False,False,False,False,False,False,False,False,False,False,False,False,False,False,False,False
Luka Zobel,xhoevel@example.net,09401152116,"Susi-Buchholz-Weg 7
73219 Bergzabern",Koreanistiker,1976-11-04,False,False,False,False,False,False,False,False,False,False,False,False,False,False,False,False,False,False,False,False,False,False,False,False,False,False,False,False,False,False,False,False,False,False,False,False,False,False,False,False,False,False,False,False,False,False,False,False,False,False,False,False,False,True,False,False,False,False,False,False,False,False,False,False,False,False,False,False,False,False,False,False,False,False,False,False,False,False,False,False
Athanasios Lehmann,brunhilde97@example.net,(08997) 762539,"Francoise-Neureuther-Straße 2/4
38090 Schwarzenberg",Drogist,1997-12-06,False,False,False,False,False,False,False,False,False,False,False,False,False,False,False,False,False,False,False,False,False,False,False,False,False,False,False,False,False,False,False,False,False,False,False,False,False,False,False,False,False,False,False,False,False,False,False,False,False,True,False,False,False,False,False,False,False,False,False,False,False,False,False,False,False,False,False,False,False,False,False,False,False,False,False,False,False,False,False,False
Axel Weiß,hauffervassilios@example.com,+49(0)8816 565365,"Schwitalgasse 316
18777 Bad Liebenwerda",Programmierer,1941-02-12,False,False,False,False,False,False,False,False,False,False,False,False,False,False,False,False,False,False,False,False,False,False,False,False,False,False,False,False,False,False,False,True,False,False,False,False,False,False,False,False,False,False,False,False,True,False,False,False,False,False,False,False,False,False,False,False,False,False,False,False,False,False,False,False,False,False,False,False,False,False,False,False,False,False,False,False,False,False,False,False
Brita Scheibe,theresa83@example.org,01202 22521,"Klappplatz 233
73743 Hohenmölsen",Techniker,1955-06-16,False,False,False,False,False,False,False,False,False,False,False,False,False,False,False,False,False,False,False,False,False,False,False,False,False,False,False,False,False,False,False,False,False,False,False,False,False,False,False,False,False,False,False,False,False,False,False,False,False,False,False,False,False,False,False,False,False,False,False,False,False,False,False,False,False,False,False,False,False,False,False,False,False,False,False,False,False,False,False,False
Ing. Amalia Zimmer B.A.,schulzkaren@example.net,+49(0)9806 071286,"Steystraße 1
17121 Uffenheim",Bankkaufmann,1982-12-05,False,False,False,False,False,False,False,False,True,False,False,False,False,False,False,False,False,False,False,False,False,False,False,False,False,False,False,False,False,False,False,False,False,False,False,True,False,False,False,False,False,False,False,False,False,False,False,False,False,False,False,False,False,False,False,False,False,False,False,False,False,False,False,False,False,False,False,False,False,False,False,False,False,False,False,False,False,False,False,False
Gönül Staude B.Sc.,pirmin47@example.org,+49 (0) 6102 784440,"Tschentscherstraße 85
51546 Bad Mergentheim",Chirurgiemechaniker,2013-06-02,False,False,False,False,False,False,False,False,False,False,False,False,False,False,False,False,False,False,False,False,False,False,True,False,False,False,False,False,True,False,False,False,False,False,False,False,False,False,False,False,False,False,False,False,False,False,False,False,False,False,False,False,False,False,False,False,False,False,False,False,False,False,False,False,False,False,False,False,False,False,False,False,False,False,False,False,False,False,False,False
Univ.Prof. Anneke Junken B.Eng.,svenjajunitz@example.net,03863366233,"Adem-Vollbrecht-Gasse 94
71965 Mittweida",Florist,1996-10-06,False,False,False,False,False,False,False,False,False,False,False,False,False,False,False,False,False,False,False,False,False,False,False,False,False,False,False,False,False,False,False,False,False,False,False,False,False,False,False,False,False,False,False,False,False,False,False,False,False,False,False,False,False,False,False,False,False,False,False,False,False,False,False,False,False,False,False,False,False,False,False,False,False,False,False,False,False,False,False,False
Aenne Hornig,suse00@example.org,+49(0)4804 56637,"Linkering 812
17712 Miltenberg",Forstwirt,1955-01-28,False,False,False,False,False,False,False,False,False,False,False,False,False,False,False,False,True,False,False,False,False,False,False,False,False,False,False,False,False,False,False,False,False,False,False,False,False,False,False,False,False,False,False,False,False,False,False,False,False,False,False,False,False,False,False,False,False,False,False,False,False,False,False,False,False,False,False,False,False,False,True,False,False,False,False,False,False,False,False,False
Necati Roht,swantje49@example.com,00256 78174,"Evamaria-Pieper-Ring 9/2
51397 Sulzbach-Rosenberg",Mathematiker,2023-06-23,False,False,False,False,False,False,False,False,False,True,False,False,False,False,False,False,False,False,False,False,False,False,False,False,False,False,False,False,False,False,False,False,False,False,False,False,False,False,False,False,False,False,False,False,False,False,False,False,False,False,False,False,False,False,False,False,False,False,False,False,False,False,False,False,False,False,False,False,False,False,False,False,False,False,False,False,False,False,False,False
Ing. Sabine Hethur B.Eng.,bschmiedt@example.net,00158166095,"Rädelring 7
47472 Belzig",Elektroniker,2006-01-20,False,False,False,False,False,False,False,False,False,False,False,False,False,False,False,False,False,False,False,False,False,False,False,False,False,False,False,False,False,False,False,False,False,False,False,False,False,False,False,False,False,False,False,False,False,False,False,False,False,False,False,False,False,False,False,False,False,False,False,False,False,False,False,False,False,False,False,False,False,False,False,False,False,False,False,False,False,True,False,False
Lilian Karge B.A.,hans-hermann19@example.org,+49(0)4350094883,"Eberhardtstr. 100
03904 Pasewalk",Chirurgiemechaniker,1960-03-25,False,False,False,False,False,False,False,False,False,False,False,False,False,False,False,False,False,False,False,False,False,False,False,False,False,False,False,False,False,False,False,False,False,False,False,False,True,False,False,False,False,False,False,False,False,False,False,False,False,False,False,False,False,False,False,False,False,False,False,False,False,False,False,False,False,False,False,False,False,False,False,False,False,False,False,False,False,False,False,False
Clemens Rust,stolzenora@example.com,+49(0)4009009124,"Astrid-Müller-Platz 3
88231 Artern",Augenoptiker,1953-12-22,False,False,False,False,False,False,False,False,False,False,False,False,False,False,False,False,False,False,False,False,False,False,False,False,False,False,False,False,False,False,False,False,False,False,False,False,False,False,False,False,False,False,False,False,False,False,False,False,False,False,False,False,False,False,False,False,False,False,False,False,False,False,False,False,False,False,False,False,False,False,False,False,False,False,False,False,False,False,False,False
Dipl.-Ing. Peter Ernst MBA.,vstumpf@example.net,08920 18480,"Dobesgasse 7/9
84107 Grevenbroich",Arzt,2014-11-20,True,False,False,False,False,False,False,False,False,False,False,False,False,False,False,False,False,False,False,False,False,False,False,False,False,False,False,False,False,False,False,False,False,False,False,False,False,False,False,False,False,False,False,False,False,False,False,False,False,False,False,False,False,False,False,False,False,False,False,False,False,False,False,False,False,False,False,False,False,False,False,False,False,False,False,False,True,False,False,False
Hedwig Finke,belinda59@example.net,02974 934438,"Hermine-Kroker-Straße 032
08326 Einbeck",Fleischer,2010-02-24,False,False,False,False,False,False,False,False,False,False,False,False,False,False,False,False,False,False,False,False,False,False,False,False,False,False,False,False,False,False,False,False,False,False,False,False,False,False,False,False,False,False,False,False,False,True,False,False,False,False,False,False,False,False,False,False,False,False,True,False,False,False,False,False,False,False,False,False,False,False,False,False,False,False,False,False,False,False,False,False
Dipl.-Ing. Alexa Siering,wibkegutknecht@example.net,08127 45444,"Gotthardweg 57
81035 Roding",Asphaltbauer,1923-11-30,False,False,False,False,False,False,False,False,False,False,False,False,False,True,False,True,False,False,False,False,False,False,False,False,False,True,False,False,False,True,False,False,False,False,False,False,False,False,False,False,False,False,False,False,False,False,False,True,False,False,False,False,False,False,False,False,False,False,False,False,False,False,False,False,False,False,False,False,False,False,False,False,False,False,False,False,False,False,False,False
Dominic Graf,kunibert57@example.org,(06947) 54457,"Clarissa-Hande-Allee 0
48123 Kusel",Koreanistiker,1990-01-06,False,False,False,False,False,False,False,False,False,False,False,False,False,False,False,False,False,False,False,False,False,False,False,False,False,False,False,False,False,False,False,False,False,False,False,False,False,False,False,False,False,False,False,False,False,False,False,False,False,False,False,False,False,False,True,False,False,False,False,False,False,False,False,False,False,False,False,False,False,False,False,False,False,False,False,False,False,False,False,False
Univ.Prof. Albrecht Pohl B.Eng.,plosekann@example.net,02443796626,"Romana-Hermann-Allee 48
08290 Celle",Erzieher,2006-12-01,False,False,False,False,False,False,False,False,False,False,False,False,False,False,False,False,False,False,False,False,False,False,False,False,False,False,False,False,False,False,False,False,False,False,False,False,False,False,False,False,False,False,False,False,False,False,False,False,False,False,False,False,False,False,False,False,False,False,False,False,False,False,False,False,False,False,False,True,False,False,False,False,False,False,False,False,False,False,False,False
Dariusz Preiß B.Sc.,aotto@example.net,04399 758760,"Mariusz-Etzler-Ring 2
39658 Weimar",Informatiker,1968-11-25,False,False,False,False,False,False,False,False,False,False,False,False,False,False,False,False,False,False,False,False,False,False,False,False,False,False,False,False,False,True,False,False,False,False,False,False,False,False,False,False,False,False,False,False,False,False,False,False,False,False,False,False,False,False,False,False,False,False,False,False,False,False,False,False,False,False,False,False,False,False,False,False,False,False,False,False,False,False,False,False
Dierk Krause,fpoelitz@example.net,09063459095,"Ringstr. 8/0
17312 Bamberg",Winzer,1990-10-22,False,False,False,False,False,False,False,False,False,False,False,False,False,False,False,False,False,False,False,False,False,False,False,False,False,False,False,False,False,False,False,False,False,True,True,False,False,False,False,False,False,False,False,False,False,False,False,False,False,False,False,False,False,False,False,False,False,False,False,False,False,False,False,False,False,False,False,False,False,False,False,False,False,False,False,False,False,False,False,False
Stanislaw Heintze-Johann,totto@example.com,+49(0)6261 253549,"Ali-Röhrdanz-Straße 603
76039 Lippstadt",Medizininformatiker,1981-02-13,False,False,False,False,False,False,False,False,False,False,False,False,False,False,False,False,False,False,False,False,False,False,False,False,False,False,False,False,False,False,False,False,False,False,False,False,False,False,False,False,False,False,False,False,False,False,False,False,False,False,False,False,False,False,False,False,False,False,False,False,False,False,False,True,False,False,False,False,False,False,False,False,False,False,False,False,False,False,False,False
Elisabet Briemer,kwagner@example.net,+49(0)0263 98785,"Gino-Wohlgemut-Gasse 98
14778 Kemnath",Pilot,1914-04-17,False,False,False,False,False,False,False,True,False,False,False,False,False,False,False,False,False,False,False,False,False,False,False,False,True,False,False,False,False,False,True,False,False,False,False,False,False,False,False,False,False,False,False,False,False,False,False,False,False,False,False,False,False,False,False,False,False,False,False,False,False,False,False,False,False,False,False,False,False,False,False,False,False,False,False,False,False,False,False,False
Rene Koch II-Zirme,carla82@example.org,(07195) 545614,"Reza-Pärtzelt-Platz 1
50115 Groß-Gerau",Drogist,1930-05-08,False,False,False,False,False,False,False,False,False,False,False,False,False,False,False,False,False,False,False,False,False,False,False,False,False,False,False,False,False,False,False,False,False,False,False,False,False,False,False,False,False,False,False,False,False,False,False,False,False,False,False,False,False,False,False,False,False,False,False,False,False,False,False,False,False,False,False,False,False,False,False,False,False,False,False,False,False,False,False,False
Laurenz Barth B.A.,siegriedtrueb@example.org,+49(0)1275296331,"Schmiedtgasse 4
39265 Potsdam",Winzer,2018-10-18,False,False,False,False,False,False,False,False,False,False,False,False,False,False,False,False,False,False,False,False,False,False,False,False,False,False,False,False,False,False,False,False,False,True,False,False,False,False,False,False,False,False,False,False,False,False,True,False,False,False,True,False,False,False,False,False,False,False,False,False,False,False,False,False,False,False,False,False,False,False,False,False,False,False,False,False,False,False,False,False
Univ.Prof. Lioba Heinrich B.Sc.,cillyhiller@example.net,01492024391,"Ehlertstr. 1/3
33995 Haldensleben",Binnenschiffer,1937-03-05,False,False,False,False,False,False,False,False,True,True,False,False,False,False,False,False,False,False,False,False,False,False,False,False,False,False,False,False,False,False,False,False,False,False,False,False,False,False,False,False,False,False,False,False,False,False,False,False,False,False,False,False,False,False,False,False,False,False,False,False,False,False,False,False,False,False,False,False,False,False,False,False,False,False,False,False,False,False,False,False
Univ.Prof. Joachim Ritter,dietrich91@example.net,+49(0) 738322221,"Leonid-Jopich-Ring 33
10027 Meißen",Forstwirt,1921-12-11,False,False,False,False,False,False,False,False,False,False,False,False,False,False,False,True,False,False,False,False,False,False,False,False,False,False,False,False,False,False,False,True,False,False,False,False,False,False,False,False,False,False,False,False,False,False,False,False,False,False,False,False,False,False,False,False,False,False,False,False,False,False,False,False,False,False,False,False,False,False,False,False,False,False,False,True,False,False,False,False
Sedat Schmiedt-Süßebier,ahoevel@example.com,06652 96957,"Phillip-Ullmann-Ring 4/8
66169 Wertingen",Mathematiker,1917-03-17,False,False,True,False,False,False,False,False,False,False,False,False,False,False,False,False,False,False,False,False,False,False,False,False,False,False,False,False,False,False,False,False,False,False,False,False,False,False,False,False,False,False,False,False,False,False,False,False,False,False,False,False,False,False,False,False,False,False,False,False,False,False,False,False,False,False,False,False,False,False,False,False,False,False,False,False,False,False,False,False
Maria-Luise Meister,nicozorbach@example.net,+49(0)6671225446,"Misichergasse 9/5
38174 Berlin",Fleischer,1937-10-31,False,False,False,False,False,False,False,False,False,False,False,False,False,False,False,False,False,False,False,False,False,False,False,False,False,False,False,False,False,False,False,False,False,False,False,False,False,False,False,False,False,False,False,False,False,False,False,False,False,False,False,False,False,False,False,True,False,True,False,False,False,False,False,False,False,False,True,False,False,False,False,False,False,False,False,False,False,False,False,False
Zehra Krein,hanna51@example.com,(04605) 95413,"Mandy-Kostolzin-Ring 0/3
57255 Berchtesgaden",Informatiker,1940-02-28,False,False,False,False,False,False,False,False,False,False,False,False,False,False,False,False,False,False,False,False,False,False,False,False,False,False,False,False,False,False,False,True,False,False,False,False,False,False,False,False,False,False,False,False,False,False,False,False,False,False,False,False,False,False,False,False,False,False,False,False,False,False,False,False,False,False,True,False,False,False,False,False,False,False,False,False,False,False,False,False
Dietlinde Förster,ilhanpergande@example.org,0424498479,"Beierweg 0
55559 Sömmerda",Fleischer,1935-05-02,False,False,False,False,False,False,False,False,False,False,False,False,False,False,False,False,False,False,False,False,False,False,False,False,False,False,True,False,False,False,False,False,False,False,False,False,False,False,False,False,False,False,False,False,False,False,False,False,True,False,False,False,False,False,False,False,False,False,False,False,False,False,False,False,False,False,False,False,False,False,False,False,False,False,False,False,False,False,False,False
Aloisia Trub,hartmannmax@example.com,+49(0) 132227848,"Meyerstr. 6/5
85940 Kronach",Fachinformatiker,1985-11-20,False,False,True,False,False,False,False,False,False,False,False,False,False,False,False,False,False,False,False,False,False,False,False,False,False,False,False,False,False,False,False,False,False,False,False,False,False,False,False,False,False,False,False,False,False,False,False,False,False,False,False,False,False,False,False,False,False,False,True,False,False,False,False,False,False,False,False,False,False,False,False,False,False,False,True,False,False,False,False,False
Edwin Schottin,henny57@example.org,+49(0)9213 711800,"Köhlergasse 9
80853 Viechtach",Techniker,1916-02-21,False,False,False,False,False,False,False,False,False,False,False,False,False,False,False,False,False,False,False,False,False,False,False,False,True,False,False,False,False,False,True,False,False,False,False,False,False,False,False,False,False,False,False,False,False,False,False,False,False,False,False,False,False,False,False,False,False,False,False,False,False,False,False,False,False,False,False,False,False,False,False,False,False,False,False,False,False,False,False,False
Ute Jäkel,uroemer@example.net,+49(0)2484046844,"Oda-Mangold-Straße 59
49424 Mainburg",Techniker,1977-09-27,True,False,False,False,False,False,True,False,False,False,False,False,False,False,False,False,False,False,False,False,False,False,False,False,False,False,False,False,False,False,False,False,False,False,False,False,False,False,False,False,False,False,False,False,False,False,False,False,False,False,False,False,False,True,False,False,False,False,False,False,False,False,False,False,False,False,False,False,False,False,False,False,False,False,False,False,False,False,False,False
Adrian Kruschwitz B.Eng.,qheinz@example.com,0506283705,"Herrmannweg 66
61808 Deggendorf",Chemikant,1941-03-16,False,False,False,False,False,False,False,False,False,False,False,False,False,False,False,False,False,False,False,False,False,False,False,False,False,False,False,False,False,False,False,False,False,False,False,False,False,False,False,False,False,False,False,False,False,False,False,False,False,False,False,False,False,False,False,False,False,False,False,False,False,False,False,False,False,False,False,False,False,False,False,False,False,False,False,False,False,False,False,False
Diana Wernecke,randolfbudig@example.net,+49(0)9184772491,"Reisingstr. 481
46684 Luckenwalde",Koreanistiker,1940-08-13,False,False,False,False,False,False,False,False,False,False,False,False,False,False,False,False,False,False,False,False,False,False,False,False,False,False,False,False,False,False,False,False,False,False,False,False,False,False,False,False,False,False,False,False,False,False,False,False,False,False,False,False,False,False,False,False,False,False,False,False,False,False,False,False,False,False,False,False,False,False,False,False,False,False,False,False,False,False,False,False
Burghard Kabus,pavelsoeding@example.com,00530140032,"Erna-Vogt-Allee 3
78026 Wunsiedel",Krankenschwester,1996-10-29,False,False,False,False,False,False,False,False,False,False,False,False,False,False,False,False,False,False,False,False,False,False,False,False,False,False,False,False,False,False,False,False,False,False,False,False,False,False,False,False,False,False,False,False,False,False,False,False,False,False,False,False,False,True,False,False,False,False,False,False,False,False,False,False,False,False,False,False,False,False,False,False,False,False,False,False,False,False,False,False
Augustin Atzler,sigrid24@example.net,0048823152,"Sami-Faust-Ring 7/8
02371 Forchheim",Florist,2007-04-21,False,False,False,False,False,False,False,False,False,False,False,False,False,False,False,False,False,False,False,False,False,False,False,False,False,False,False,False,False,False,False,False,False,False,False,False,False,False,False,False,False,False,False,False,False,False,False,False,False,False,False,False,False,False,False,False,False,False,False,False,False,False,False,False,False,False,False,False,False,False,False,False,False,False,False,False,False,False,False,False
Prof. Traude Preiß,bfritsch@example.net,+49 (0) 4203 717406,"Jesselstraße 7/5
67025 Badibling",Bankkaufmann,1957-12-10,False,False,False,False,False,False,False,False,False,False,False,False,False,False,False,False,False,False,False,False,False,False,False,False,False,False,False,False,False,False,False,False,False,False,False,False,False,False,False,False,False,False,False,False,False,False,False,False,False,False,False,False,False,False,False,False,False,False,False,False,False,False,False,False,False,False,False,False,False,False,False,False,False,False,False,False,False,False,False,False
Dr. Cilly Hethur B.A.,valentin18@example.com,05255486515,"Otto-Hertrampf-Straße 8/7
81998 Hannoversch Münden",Friseur,1966-12-11,False,False,False,False,False,False,False,False,False,False,False,False,False,False,False,False,False,False,False,False,False,False,False,False,False,False,False,False,False,False,False,False,False,False,False,False,False,False,False,False,False,False,False,False,False,False,False,False,False,False,False,False,False,False,False,False,False,False,False,False,False,False,False,False,False,False,False,False,False,False,False,False,False,False,False,False,False,False,False,False
Heinz-Josef Pruschke,beerjosefa@example.org,+49(0)5561 219454,"Geislerring 2
54335 Apolda",Mathematiker,1996-10-22,False,False,False,False,False,False,False,False,False,False,False,False,False,False,False,False,False,False,False,False,False,False,False,False,False,False,False,False,False,False,False,False,False,False,False,False,False,False,False,False,False,False,False,False,False,False,False,False,False,False,False,False,False,False,False,False,False,False,False,False,False,False,False,False,False,False,False,False,False,False,False,False,False,False,False,False,True,False,False,False
Franca Mosemann-Stadelmann,schleicharif@example.com,05352 78562,"Erdmute-Säuberlich-Gasse 609
47914 Hohenmölsen",Polizist,2015-04-02,False,False,False,False,False,False,False,False,False,False,False,False,False,False,False,False,False,False,False,False,False,False,False,False,False,False,False,False,False,False,False,False,False,False,False,False,False,False,False,False,False,False,False,False,False,False,False,False,False,False,False,False,False,False,False,False,False,False,True,False,False,False,False,False,False,False,False,False,False,False,False,False,False,False,False,False,False,False,False,False
Saban Fiebig,linus92@example.net,08282272713,"Juan-Börner-Gasse 176
23390 Griesbach Rottal",Fachinformatiker,1919-03-16,False,False,False,False,False,False,False,False,False,False,False,False,False,False,False,False,False,False,False,False,False,False,False,False,False,False,False,False,False,False,False,False,False,False,False,True,False,False,False,False,False,False,False,False,False,False,False,False,False,False,False,False,False,False,False,False,False,False,False,False,False,False,False,False,False,False,False,False,False,False,False,False,False,False,False,False,False,False,False,False
Ing. Harm Löchel,whornig@example.net,(07535) 640143,"Zimmerring 4
34119 Sankt Goar",Beamter,1973-08-09,False,False,False,False,False,False,False,False,False,False,True,False,False,False,False,False,False,False,False,False,False,False,False,True,False,False,False,False,False,False,False,False,False,False,False,False,False,False,False,False,False,False,False,False,False,False,False,False,False,False,False,False,False,False,False,False,False,False,False,False,False,False,False,False,False,False,False,False,False,False,False,False,False,False,False,False,False,False,False,False
Katharina Rust,traudel40@example.org,06234 53841,"Hans-Ulrich-Scholz-Weg 8/9
00194 Erbisdorf",Beamter,1912-03-11,True,False,False,False,False,False,False,False,False,False,False,False,False,False,False,False,False,False,False,False,False,False,False,False,False,False,False,False,False,False,False,False,False,False,False,False,False,False,False,True,False,False,True,False,True,False,False,True,False,False,False,False,False,False,False,False,False,False,False,False,False,False,False,False,False,False,False,False,False,False,False,False,False,False,False,False,False,False,False,False
Piotr Hethur,birgid18@example.com,02070 76724,"Edward-Dehmel-Allee 550
75675 Soltau",Artist,2019-06-04,False,False,True,False,False,False,False,False,False,False,False,False,False,False,False,False,False,False,False,False,False,False,False,False,False,False,False,False,False,False,False,False,False,False,False,False,False,False,False,False,False,False,False,False,False,False,False,False,False,False,False,False,False,False,False,False,False,False,False,False,False,False,False,False,False,False,False,False,False,False,False,False,False,False,False,False,False,True,False,False
Anette Schinke,mareikestoll@example.com,+49(0) 787167079,"Jörn-Eimer-Straße 0
52442 Sulzbach-Rosenberg",Erzieher,1970-11-01,False,False,False,False,False,False,False,True,False,False,False,False,False,False,False,False,False,False,False,False,False,False,False,False,False,False,False,False,False,False,False,False,False,False,False,False,False,False,False,False,False,False,False,False,False,False,False,False,False,False,False,False,False,False,False,False,False,False,False,False,False,False,False,False,False,False,False,False,False,False,False,False,True,False,False,False,False,False,False,False
Ing. Xenia Budig B.Sc.,randolf51@example.com,(06966) 81441,"Emma-Henck-Allee 08
12320 Schwarzenberg",Altenpfleger,2015-09-16,False,False,False,True,False,False,False,False,False,False,False,False,False,False,False,False,False,False,False,False,False,False,False,False,False,False,False,False,False,False,False,False,False,False,False,False,True,False,False,False,False,False,False,False,False,False,False,False,False,False,False,False,False,False,False,False,False,False,False,False,False,False,False,False,False,False,False,False,False,False,False,False,False,False,False,False,False,False,False,False
Carmela Gehringer,hetzler@example.org,+49 (0) 8608 629981,"Stiffelring 5/2
67683 Sondershausen",Drogist,1988-03-11,False,False,False,False,False,False,False,False,False,False,False,False,False,False,False,False,False,False,False,False,False,False,False,False,False,False,False,True,False,False,False,False,False,False,False,False,False,False,False,False,False,False,False,False,True,False,False,False,False,False,False,False,False,False,False,False,False,False,False,False,False,False,False,False,False,False,False,False,False,False,False,False,False,False,False,False,False,False,False,False
Hartmut Weitzel-Jessel,omohaupt@example.com,+49 (0) 2089 974336,"Krausestraße 887
16600 Dinkelsbühl",Techniker,1939-08-02,True,False,False,False,False,False,False,False,False,False,False,False,False,False,False,False,False,False,False,False,False,False,False,False,False,False,False,False,False,False,False,False,False,False,False,False,False,False,False,False,False,False,False,False,False,False,False,False,False,False,False,False,False,False,False,False,False,False,False,False,False,True,False,False,False,False,False,False,False,False,False,False,False,False,False,False,False,False,False,False
Ing. Helge Seidel,qsteinberg@example.com,07445 380997,"Södingstr. 7
25271 Eckernförde",Elektroniker,2017-04-21,False,True,False,False,False,False,False,False,False,False,False,False,False,False,False,False,False,False,False,False,False,False,False,False,False,False,False,False,False,False,False,False,False,False,False,False,False,False,False,False,True,False,False,False,False,False,False,False,False,False,False,False,False,False,False,False,False,False,False,False,False,False,False,False,False,False,False,False,False,False,False,False,False,False,False,False,False,False,False,False
Dipl.-Ing. Hermann Josef Dippel B.Eng.,robin40@example.org,+49(0)6409 15316,"Bohlanderstr. 3
25822 Lübeck",Forstwirt,2016-08-30,False,False,False,False,False,False,True,False,False,False,False,False,False,False,False,False,False,False,False,False,False,False,False,False,False,False,False,False,False,False,False,False,False,False,False,False,False,False,False,False,False,False,False,False,False,False,False,False,False,False,False,False,False,False,False,True,False,False,False,False,False,False,False,False,False,False,False,False,False,False,False,False,False,False,False,False,False,False,False,False
Sibel Mangold B.A.,cosima30@example.net,06994 331906,"Casparring 263
40390 Backnang",Mathematiker,1911-03-12,False,False,False,False,False,False,False,False,False,False,False,False,False,False,False,True,False,False,False,False,False,False,False,False,False,False,False,False,False,False,False,False,True,False,False,False,False,False,False,False,False,False,False,False,False,False,False,False,False,False,False,False,False,False,False,False,False,False,False,False,False,False,False,False,False,False,False,False,False,False,False,False,False,False,False,False,False,False,False,False
Arne Werner,stahrhans-otto@example.net,04974500884,"Steckelallee 637
56400 Greiz",Mechaniker,1909-05-26,False,False,False,False,False,False,False,False,False,False,False,False,False,False,False,False,False,False,False,False,False,True,False,False,False,False,False,False,False,False,False,False,False,False,False,False,False,False,False,False,False,False,False,False,False,False,False,False,False,False,False,True,False,False,False,False,False,False,False,False,False,False,False,False,False,False,False,False,False,False,False,False,False,False,False,False,False,False,False,False
Filippo Blümel MBA.,julia21@example.com,+49(0)0995045092,"Wulfallee 8
00732 Hettstedt",Techniker,1946-05-19,False,False,False,False,False,False,False,False,False,False,False,False,False,False,False,False,False,False,False,False,False,False,False,False,False,True,False,False,False,False,False,False,False,False,False,False,False,False,False,False,False,False,False,False,False,False,False,False,False,True,False,False,False,False,False,False,False,False,False,False,False,False,False,False,False,False,False,False,False,False,False,False,False,False,False,False,False,False,False,False
Dr. Hans Dieter Warmer B.Eng.,danjacobi-jaeckel@example.com,08128293813,"Langernring 2/7
99160 Warendorf",Informatiker,1938-06-28,False,False,False,False,False,False,False,False,False,False,False,False,False,False,False,False,False,False,False,False,False,False,False,False,False,False,False,False,False,False,False,False,False,False,False,False,False,False,False,False,False,False,False,False,False,False,False,False,False,False,False,False,False,False,False,False,False,False,False,False,False,False,False,False,False,False,False,False,False,False,False,False,False,False,False,False,False,False,False,False
Karolina Koch II-Davids,silvio44@example.net,(01471) 64150,"Zenta-Bähr-Platz 943
44073 Bogen",Mathematiker,1972-11-15,False,False,False,False,False,False,False,False,False,False,False,False,False,False,False,False,False,False,False,False,False,False,False,False,False,False,False,False,False,False,False,False,False,False,False,False,False,False,False,False,False,False,False,False,False,False,False,False,False,False,False,False,False,False,False,False,False,False,False,False,False,False,False,True,False,False,False,False,False,False,False,False,False,False,False,False,False,False,False,False
Luigi Ring,beyerkarl-otto@example.net,0452513302,"Hans Josef-Dehmel-Weg 85
71477 Haldensleben",Bäcker,1927-04-09,False,False,False,False,False,False,False,False,False,False,False,False,False,False,False,False,False,False,False,False,False,False,False,False,False,False,False,False,False,False,False,False,False,False,False,False,False,False,False,False,False,True,False,False,False,False,False,False,False,False,False,False,False,False,False,False,False,False,False,False,False,False,False,False,False,False,False,False,False,False,False,False,False,False,False,False,False,False,False,False
Petra Ullmann,genoveva56@example.net,+49 (0) 7517 075693,"Ramona-Sager-Gasse 734
66115 Roth",Bäcker,2005-06-30,False,False,False,False,False,False,False,False,False,False,False,False,False,False,False,False,False,False,False,False,False,False,False,False,False,False,False,False,False,False,False,False,False,False,False,True,False,False,False,False,False,False,False,False,False,False,False,False,False,False,False,True,False,False,False,False,False,False,False,False,False,False,False,False,False,False,False,False,False,False,False,False,False,False,False,False,False,False,False,False
Dipl.-Ing. Jürgen Spieß B.Eng.,erolrose@example.net,+49(0) 780294705,"Hedwig-Römer-Allee 6
01235 Stendal",Elektroniker,1943-05-22,False,False,False,False,False,False,False,False,False,False,False,False,False,False,False,False,False,False,False,False,False,False,False,False,False,False,True,False,False,False,False,False,False,False,False,False,False,False,False,False,False,False,False,False,False,False,False,False,False,False,False,False,False,False,False,False,False,False,False,False,False,False,False,False,False,False,False,False,False,False,False,False,False,False,False,False,False,False,False,False
Wilhelm Killer,truppisabell@example.com,+49(0)3417 024026,"Heide-Hornich-Weg 54
93774 Bremervörde",Arzt,2010-06-18,False,False,False,False,False,False,False,False,False,False,False,False,False,False,False,False,False,False,False,False,False,False,False,False,True,False,False,False,False,False,False,False,False,False,False,False,False,False,False,False,False,False,False,False,False,False,False,False,False,False,False,False,False,False,False,False,False,False,False,False,False,False,False,False,False,False,False,False,False,False,False,False,False,False,False,False,False,False,False,False
Ilona Ullrich-Mangold,katjaloewer@example.com,+49(0)6973550862,"Tomislav-Fiebig-Gasse 987
84916 Haldensleben",Elektroniker,1943-05-20,False,False,False,False,False,False,True,False,False,False,False,False,False,False,False,False,False,False,False,False,False,False,False,False,False,False,False,False,False,False,False,False,False,False,False,False,False,False,False,False,False,False,False,False,False,False,False,False,False,False,False,False,False,False,False,False,False,False,False,False,False,False,False,False,False,False,False,True,False,False,False,False,False,False,False,False,False,False,False,False
Frau Mareen Weihmann MBA.,lotti52@example.net,06171 58444,"Janette-Rogge-Gasse 33
07003 Hünfeld",Fachinformatiker,1996-09-01,False,False,False,False,False,False,False,False,False,False,False,False,False,False,False,False,False,False,False,False,False,False,False,False,False,False,False,False,False,False,False,False,False,False,False,False,False,False,False,False,False,False,False,False,False,False,False,False,False,False,False,False,False,False,False,False,False,False,False,False,False,False,False,False,False,False,False,False,False,False,False,False,False,False,False,False,False,False,False,False
Dr. Violetta Pärtzelt,wendelinstiffel@example.org,+49(0)1824 124726,"Karl-Rogner-Platz 20
70646 Hamburg",Friseur,1974-07-23,False,False,False,False,False,False,False,False,False,False,False,False,False,False,False,False,False,False,True,False,False,False,False,False,False,False,False,False,False,False,False,False,False,False,False,False,False,False,False,False,False,False,False,False,False,False,False,False,False,False,False,False,False,False,False,False,False,False,False,True,False,False,False,False,False,False,False,False,False,False,False,False,False,False,False,False,False,False,False,False
Prof. Susan Schlosser,nathalie55@example.net,(06596) 57214,"Walfried-Henk-Straße 5/5
25117 Hainichen",Medizininformatiker,1949-12-02,False,False,False,False,False,False,False,False,False,False,False,False,False,False,False,False,False,False,True,False,False,False,False,False,False,False,False,False,False,False,False,False,False,False,False,False,False,False,False,False,False,False,False,False,False,False,False,False,False,False,False,False,False,False,False,False,False,False,False,False,False,False,False,False,False,False,False,False,False,False,False,False,False,False,False,False,False,False,False,False
Kemal Kusch,paertzeltgertraud@example.net,(01027) 67326,"Knut-Berger-Ring 295
11101 Ansbach",Pilot,1959-09-02,False,False,False,False,False,False,False,False,False,False,False,False,False,False,False,False,False,False,False,False,False,False,False,False,False,False,False,False,False,False,False,False,False,False,False,False,False,False,False,False,False,False,False,False,False,False,False,False,False,False,False,False,False,False,False,False,False,False,False,False,False,False,False,False,False,False,False,False,False,False,False,False,False,False,False,False,False,False,False,False
